{"metrics/eval/episode_reward_feet_air_time_std":4.457083225250244,"metrics/eval/episode_roll":3.8637313842773438,"metrics/eval/episode_reward_tracking_lin_vel":421.6539001464844,"metrics/eval/episode_command_yaw":-10.257805824279785,"_wandb":{"runtime":20249},"charts/SPS":49680,"metrics/training/v_loss":2.0813426971435547,"metrics/eval/episode_reward_torque_std":161.70555114746094,"metrics/eval/episode_reward_tracking_ang_vel_std":17.14118766784668,"metrics/eval/episode_command_y":-6.792426109313965,"metrics/eval/walltime":159.81039690971375,"metrics/eval/episode_x_velocity":-4.946839332580566,"metrics/training/policy_loss":-0.008139538578689098,"metrics/eval/episode_y_velocity":0.42453742027282715,"metrics/eval/episode_reward_orientation":0.8424233198165894,"metrics/eval/episode_reward":1373.8515625,"metrics/eval/episode_y_position_std":375.4812316894531,"metrics/eval/episode_reward_std":195.36761474609375,"metrics/eval/episode_pitch":1.8015836477279663,"metrics/eval/episode_roll_std":5.5728278160095215,"metrics/eval/episode_x_position":-8.048460960388184,"metrics/eval/episode_command_yaw_std":404.7176513671875,"metrics/eval/episode_reward_energy_std":938.8673706054688,"metrics/eval/episode_z_position_std":1.9975624084472656,"_step":20,"metrics/training/kl_mean":0.026782358065247536,"metrics/eval/episode_reward_torque":970.3453369140625,"metrics/eval/episode_command_x_std":148.04559326171875,"metrics/eval/episode_pitch_std":8.54062557220459,"metrics/eval/episode_reward_ctrl_cost_std":0,"metrics/training/learning_rate":3.000000106112566e-05,"metrics/eval/episode_reward_tracking_lin_vel_std":69.80815887451172,"metrics/eval/episode_z_position":83.96641540527344,"metrics/eval/episode_reward_survival_std":0,"metrics/eval/episode_x_position_std":347.450927734375,"metrics/eval/episode_reward_action_accel_penalty_std":87.90786743164062,"metrics/training/sps":52438.59758220577,"_timestamp":1.775697326733228e+09,"metrics/training/walltime":18745.92712211609,"metrics/eval/episode_y_position":7.415372848510742,"metrics/eval/episode_command_y_std":97.7300033569336,"metrics/eval/episode_reward_orientation_std":0.4097267985343933,"metrics/eval/epoch_eval_time":3.8925600051879883,"metrics/eval/episode_reward_survival":0,"metrics/eval/episode_reward_action_accel_penalty":-261.2780456542969,"metrics/training/total_loss":2.269413948059082,"metrics/eval/episode_x_velocity_std":31.64324188232422,"metrics/eval/episode_reward_tracking_ang_vel":445.9859619140625,"metrics/eval/std_episode_length":0,"metrics/eval/episode_reward_task_std":195.36761474609375,"metrics/eval/episode_command_x":32.77631378173828,"metrics/eval/avg_episode_length":500,"metrics/eval/episode_reward_task":1373.8515625,"metrics/eval/episode_reward_feet_air_time":-34.629737854003906,"metrics/eval/episode_reward_forward":421.6539001464844,"metrics/eval/episode_reward_ctrl_cost":0,"metrics/eval/episode_reward_forward_std":69.80815887451172,"metrics/training/entropy_loss":0.19621092081069946,"metrics/eval/episode_y_velocity_std":33.77600860595703,"metrics/eval/episode_reward_energy":2671.729736328125,"_runtime":20249,"metrics/eval/sps":16441.62194409362,"num_steps":1002700800,"metrics/training/policy_dist_mean_std":0.28693118691444397}